City_ID,City,Lat,Lng,Max Temp,Humidity,Cloudiness,Description
0,Tuktoyaktuk,69.4541,-133.0374,50.0,81,100,overcast clouds
1,Bambous Virieux,-20.3428,57.7575,73.22,53,40,scattered clouds
2,Barrow,71.2906,-156.7887,42.82,100,100,fog
3,Vicuna,-30.0319,-70.7081,42.53,18,99,overcast clouds
4,Tasiilaq,65.6145,-37.6368,32.61,80,83,broken clouds
5,Torbay,47.6666,-52.7314,58.26,88,100,overcast clouds
6,Vaini,-21.2,-175.2,77.16,94,100,light rain
7,Punta Arenas,-53.15,-70.9167,32.11,86,0,clear sky
8,Sainte-Maxime,43.3,6.6333,79.0,65,54,broken clouds
9,Victoria,22.2855,114.1577,84.38,88,92,light rain
10,Hermanus,-34.4187,19.2345,47.8,89,98,overcast clouds
11,Riachao Do Jacuipe,-11.8069,-39.3856,62.94,92,0,clear sky
12,Mataura,-46.1927,168.8643,44.47,87,27,scattered clouds
13,Rikitea,-23.1203,-134.9692,73.2,74,100,overcast clouds
14,Hobart,-42.8794,147.3294,55.26,69,75,broken clouds
15,Port Elizabeth,-33.918,25.5701,56.32,87,0,clear sky
16,Tyukhtet,56.5389,89.3011,79.12,50,7,clear sky
17,Cidreira,-30.1811,-50.2056,57.22,81,99,overcast clouds
18,Leshukonskoye,64.8989,45.7622,66.9,49,34,scattered clouds
19,Bluff,-46.6,168.3333,44.8,68,21,few clouds
20,Kaitangata,-46.2817,169.8464,38.35,78,17,few clouds
21,Derzhavinsk,51.1,66.3167,78.4,42,2,clear sky
22,Carauari,-4.8828,-66.8958,69.15,99,26,scattered clouds
23,Albany,42.6001,-73.9662,64.72,91,20,few clouds
24,Luena,-11.7833,19.9167,56.64,28,4,clear sky
25,Yakeshi,49.2833,120.7333,66.72,47,77,broken clouds
26,Seoul,37.5683,126.9778,83.59,78,75,broken clouds
27,Mar Del Plata,-38.0023,-57.5575,45.95,93,75,broken clouds
28,Busselton,-33.65,115.3333,59.58,64,64,broken clouds
29,Chuy,-33.6971,-53.4616,48.74,93,86,overcast clouds
30,Aklavik,68.2191,-135.0107,53.31,57,98,overcast clouds
31,Norman Wells,65.282,-126.8329,50.04,76,20,few clouds
32,Ushuaia,-54.8,-68.3,35.26,93,100,light rain
33,Riyadh,24.6877,46.7219,98.74,16,78,broken clouds
34,La Macarena,2.1837,-73.7849,68.49,99,93,overcast clouds
35,Ishigaki,24.3448,124.1572,91.53,66,40,scattered clouds
36,Saint George,37.1041,-113.5841,83.25,49,0,clear sky
37,Atuona,-9.8,-139.0333,77.27,73,4,clear sky
38,Salinopolis,-0.6136,-47.3561,77.95,85,75,broken clouds
39,Puerto Ayora,-0.7393,-90.3518,70.56,92,96,overcast clouds
40,Sitka,57.0531,-135.33,57.27,96,88,overcast clouds
41,Ribeira Grande,38.5167,-28.7,71.94,73,21,few clouds
42,Nome,64.5011,-165.4064,50.16,94,98,overcast clouds
43,Jamestown,42.097,-79.2353,62.71,70,0,clear sky
44,Pingliang,35.5392,106.6861,87.64,42,69,broken clouds
45,Praia Da Vitoria,38.7333,-27.0667,70.05,83,75,broken clouds
46,Ponta Do Sol,32.6667,-17.1,69.71,87,19,few clouds
47,Grindavik,63.8424,-22.4338,48.67,93,75,broken clouds
48,Vestmannaeyjar,63.4427,-20.2734,51.22,78,96,overcast clouds
49,Butaritari,3.0707,172.7902,81.88,74,17,few clouds
50,Pangody,65.85,74.4859,61.75,43,50,scattered clouds
51,Moose Factory,51.2585,-80.6094,53.58,87,100,overcast clouds
52,Jiayuguan,39.8167,98.3,87.24,40,56,broken clouds
53,Khatanga,71.9667,102.5,45.91,58,100,overcast clouds
54,Thompson,55.7435,-97.8558,50.16,87,0,clear sky
55,Henties Bay,-22.116,14.2845,52.92,89,7,clear sky
56,Khargapur,24.823,79.144,82.17,80,98,overcast clouds
57,Deder,9.3167,41.45,58.53,79,96,overcast clouds
58,Sur,22.5667,59.5289,94.91,48,100,overcast clouds
59,Esperance,-33.8667,121.9,58.59,67,92,overcast clouds
60,Katsuura,35.1333,140.3,83.41,81,48,scattered clouds
61,Caravelas,-17.7125,-39.2481,70.29,78,20,few clouds
62,Castro,-24.7911,-50.0119,42.33,98,68,broken clouds
63,Sao Joao Da Barra,-21.6403,-41.0511,68.95,44,91,overcast clouds
64,Dudinka,69.4058,86.1778,52.63,57,100,overcast clouds
65,Takikawa,43.5528,141.9064,82.62,63,33,scattered clouds
66,San Carlos De Bariloche,-41.1456,-71.3082,38.25,70,0,clear sky
67,Namibe,-15.1961,12.1522,60.06,94,22,few clouds
68,Sabang,5.8933,95.3214,82.63,72,90,overcast clouds
69,Port-Cartier,50.0334,-66.8654,59.76,96,18,light rain
70,Vila Velha,-20.3297,-40.2925,74.95,76,0,clear sky
71,Gat,31.61,34.7642,81.28,100,3,clear sky
72,Reo,12.3167,-2.4667,75.49,85,73,broken clouds
73,Hilo,19.7297,-155.09,83.28,97,48,scattered clouds
74,Byron Bay,-28.65,153.6167,63.95,63,70,broken clouds
75,San Ignacio,17.1561,-89.0714,75.34,100,75,broken clouds
76,East London,-33.0153,27.9116,54.54,94,0,clear sky
77,Narsaq,60.9167,-46.05,45.05,88,100,overcast clouds
78,Qaanaaq,77.484,-69.3632,32.61,70,65,broken clouds
79,Bethel,41.3712,-73.414,73.65,75,4,clear sky
80,Saldanha,-33.0117,17.9442,55.45,91,100,overcast clouds
81,Vossevangen,60.623,6.4229,61.54,94,99,overcast clouds
82,Carnarvon,-24.8667,113.6333,71.19,27,0,clear sky
83,Kahului,20.8947,-156.47,80.62,74,20,few clouds
84,Farkhor,37.4922,69.4036,92.57,15,3,clear sky
85,Bitam,2.076,11.5007,67.87,98,100,overcast clouds
86,Shahreza,32.0339,51.8794,82.63,25,6,clear sky
87,Lingao,19.9103,109.6859,87.3,70,91,light rain
88,Kenai,60.5544,-151.2583,66.29,67,0,clear sky
89,New Norfolk,-42.7826,147.0587,54.9,71,99,overcast clouds
90,Chongwe,-15.3292,28.682,64.08,45,0,clear sky
91,Kodiak,57.79,-152.4072,54.91,94,100,mist
92,Rawson,-43.3002,-65.1023,46.94,60,20,few clouds
93,Carbonia,39.1672,8.5222,72.25,71,0,clear sky
94,Avarua,-21.2078,-159.775,73.45,78,20,few clouds
95,Matagami,49.7502,-77.6328,53.71,94,100,light rain
96,Bandarbeyla,9.4942,50.8122,83.98,60,100,overcast clouds
97,Biak,-0.9131,122.8766,80.13,82,53,broken clouds
98,Arraial Do Cabo,-22.9661,-42.0278,68.5,57,37,scattered clouds
99,Hithadhoo,-0.6,73.0833,82.47,73,1,clear sky
100,Piotrkow Trybunalski,51.4055,19.7032,67.1,66,84,broken clouds
101,Huttwil,47.115,7.8621,62.01,75,2,clear sky
102,Pangnirtung,66.1451,-65.7125,42.49,89,65,broken clouds
103,Iskitim,54.6366,83.3045,81.93,36,80,broken clouds
104,Barcelos,41.5388,-8.6151,65.91,98,25,scattered clouds
105,Ulladulla,-35.35,150.4667,62.28,58,100,light rain
106,New London,41.4834,-72.0662,73.81,79,100,overcast clouds
107,Antalaha,-14.9003,50.2788,74.03,65,43,scattered clouds
108,Dunmore Town,25.5,-76.65,82.85,71,0,clear sky
109,Boyolangu,-8.1181,111.8935,81.9,76,63,broken clouds
110,Asau,46.4333,26.4,61.72,65,11,few clouds
111,Pacific Grove,36.6177,-121.9166,64.54,87,1,clear sky
112,Yellowknife,62.456,-114.3525,55.92,58,75,broken clouds
113,La Ronge,55.1001,-105.2842,62.82,72,0,clear sky
114,Cabo San Lucas,22.8909,-109.9124,85.51,82,86,overcast clouds
115,Suntar,62.1444,117.6319,74.66,42,48,scattered clouds
116,Hasaki,35.7333,140.8333,93.29,80,60,broken clouds
117,San Patricio,28.017,-97.5169,84.83,72,52,broken clouds
118,Bathsheba,13.2167,-59.5167,83.01,83,75,broken clouds
119,Munirabad,15.3333,76.3333,79.59,72,100,overcast clouds
120,Upernavik,72.7868,-56.1549,39.52,90,100,overcast clouds
121,Touros,-5.1989,-35.4608,72.82,90,50,scattered clouds
122,Kollam,8.8833,76.6,81.73,76,96,overcast clouds
123,Jumla,29.2747,82.1838,72.93,65,100,overcast clouds
124,Zharkent,44.1628,80.0,86.47,30,33,scattered clouds
125,Rabo De Peixe,37.8,-25.5833,69.28,76,20,few clouds
126,Saint-Pierre,-21.3393,55.4781,72.28,60,20,few clouds
127,Nikolskoye,59.7035,30.7861,67.87,57,95,overcast clouds
128,Kapaa,22.0752,-159.319,79.12,82,75,broken clouds
129,Yuza,39.0,139.9167,87.85,83,83,light rain
130,Dikson,73.5069,80.5464,42.44,90,100,overcast clouds
131,Alyangula,-13.8483,136.4192,78.49,70,68,broken clouds
132,Requena,39.4883,-1.1004,65.79,46,0,clear sky
133,Iqaluit,63.7506,-68.5145,42.53,81,20,few clouds
134,Leua,48.2156,18.6071,66.49,49,90,overcast clouds
135,Harper,4.375,-7.7169,74.82,84,81,broken clouds
136,Adrar,20.5022,-10.0711,87.13,37,27,scattered clouds
137,Soe,-9.8607,124.284,81.39,46,34,scattered clouds
138,Tingi,-11.3,35.0333,65.3,53,2,clear sky
139,Port Alfred,-33.5906,26.891,60.21,81,75,broken clouds
140,Sechura,-5.5569,-80.8222,62.83,79,64,broken clouds
141,Sokoni,-6.4333,39.55,75.94,77,32,light rain
142,Karasuk,53.7377,78.0403,81.52,37,90,overcast clouds
143,Lebu,-37.6167,-73.65,44.56,88,2,clear sky
144,Tenenkou,14.4572,-4.9169,79.34,75,40,light rain
145,Port-Gentil,-0.7193,8.7815,75.16,83,100,overcast clouds
146,Katangli,51.7102,143.2326,61.54,80,43,scattered clouds
147,Ostrovnoy,68.0531,39.5131,60.08,87,100,light rain
148,Vostok,46.4856,135.8833,74.3,46,44,scattered clouds
149,Severo-Kurilsk,50.6789,156.125,59.76,83,27,scattered clouds
150,Bud,39.447,-86.1758,67.82,95,0,clear sky
151,Saskylakh,71.9167,114.0833,50.61,64,100,overcast clouds
152,Alenquer,-1.9417,-54.7383,73.53,63,60,broken clouds
153,Uruzgan,32.8333,66.0,89.08,13,1,clear sky
154,Lasa,46.6166,10.7002,63.7,88,43,scattered clouds
155,Hualmay,-11.0964,-77.6139,60.3,86,53,broken clouds
156,Bredasdorp,-34.5322,20.0403,50.83,94,100,overcast clouds
157,Suratgarh,29.3167,73.9,96.67,42,18,few clouds
158,Husavik,66.0449,-17.3389,47.28,81,100,overcast clouds
159,Aasiaat,68.7098,-52.8699,36.95,92,100,overcast clouds
160,Vardo,70.3705,31.1107,57.18,94,100,overcast clouds
161,Pasuruan,-7.6453,112.9075,87.69,58,37,scattered clouds
162,Guarapari,-20.6667,-40.4975,74.89,67,100,overcast clouds
163,Preobrazheniye,42.9019,133.9064,72.88,87,82,broken clouds
164,Turayf,31.6725,38.6637,80.92,32,0,clear sky
165,Kaeo,-35.1,173.7833,50.32,86,78,broken clouds
166,Fortuna,40.5982,-124.1573,62.98,92,100,overcast clouds
167,Hwange,-18.3693,26.5019,64.87,36,0,clear sky
168,Christchurch,-43.5333,172.6333,44.91,77,55,broken clouds
169,San Rafael,-34.6177,-68.3301,48.13,48,0,clear sky
170,Choma,-16.8065,26.9531,62.51,37,0,clear sky
171,Mayo,38.8876,-76.5119,74.98,92,94,overcast clouds
172,Platteville,42.7342,-90.4785,69.89,100,0,clear sky
173,Ust-Maya,60.4167,134.5333,62.92,71,100,overcast clouds
174,Sao Filipe,14.8961,-24.4956,76.91,86,72,broken clouds
175,Goderich,43.7501,-81.7165,70.92,63,23,few clouds
176,Moron,-34.6534,-58.6198,53.35,79,0,clear sky
177,Dhangadhi,28.7079,80.5961,86.63,65,100,overcast clouds
178,Banda Aceh,5.5577,95.3222,85.5,64,95,overcast clouds
179,Quatre Cocos,-20.2078,57.7625,73.09,66,84,broken clouds
180,Geraldton,-28.7667,114.6,66.61,52,0,clear sky
181,Luderitz,-26.6481,15.1594,54.46,64,7,clear sky
182,Oneonta,42.4529,-75.0638,63.81,89,34,scattered clouds
183,Kuzedeyevo,53.3308,87.2019,82.74,43,39,scattered clouds
184,Rio Grande,-32.035,-52.0986,47.95,87,78,broken clouds
185,Los Llanos De Aridane,28.6585,-17.9182,66.13,92,0,clear sky
186,Tomatlan,19.9333,-105.25,75.11,94,100,overcast clouds
187,Sayansk,54.1088,102.1648,64.98,76,82,light rain
188,Margate,51.3813,1.3862,67.89,96,0,clear sky
189,Bose,45.4612,8.0137,70.21,75,88,overcast clouds
190,Cam Ranh,11.9214,109.1591,93.16,49,40,scattered clouds
191,Pochutla,15.7432,-96.4661,77.83,93,98,overcast clouds
192,Kananga,-5.8958,22.4178,75.22,25,63,broken clouds
193,Cairns,-16.9167,145.7667,79.07,62,100,overcast clouds
194,Paamiut,61.994,-49.6678,42.58,95,100,light rain
195,San Quintin,30.4833,-115.95,73.27,77,92,overcast clouds
196,Saint Anthony,45.0205,-93.218,69.93,72,0,clear sky
197,Padang,-0.9492,100.3543,87.85,68,81,broken clouds
198,Provideniya,64.3833,-173.3,59.25,73,5,clear sky
199,Mount Isa,-20.7333,139.5,82.17,14,59,broken clouds
200,Chokurdakh,70.6333,147.9167,66.07,53,100,overcast clouds
201,Tezu,27.9167,96.1667,93.81,56,53,broken clouds
202,Svetlyy,54.675,20.1347,60.85,62,65,broken clouds
203,Pevek,69.7008,170.3133,40.78,94,11,few clouds
204,Ondjiva,-17.0667,15.7333,56.34,27,0,clear sky
205,Georgetown,5.4112,100.3354,90.9,68,40,light rain
206,Savannah Bight,16.45,-85.85,82.09,81,92,overcast clouds
207,Constitucion,-35.3333,-72.4167,46.87,83,0,clear sky
208,Bengkulu,-3.8004,102.2655,84.06,69,43,scattered clouds
209,La Fria,8.2203,-72.2439,73.56,81,100,overcast clouds
210,Zeya,53.75,127.2667,65.44,80,100,light rain
211,Nador,35.174,-2.9287,80.85,83,75,broken clouds
212,Dickinson,29.4608,-95.0513,77.99,93,98,overcast clouds
213,Cape Town,-33.9258,18.4232,56.1,92,100,overcast clouds
214,North Charleston,32.8886,-80.0075,80.53,82,98,overcast clouds
215,Las Cruces,32.3123,-106.7783,83.35,44,40,scattered clouds
216,Bardiyah,31.7561,25.0865,80.08,59,0,clear sky
217,Dingle,10.9995,122.6711,86.94,69,58,broken clouds
218,Islamkot,24.6997,70.177,95.02,50,99,overcast clouds
219,Rorvik,64.8621,11.2373,57.18,88,75,broken clouds
220,Kavieng,-2.5744,150.7967,82.04,76,87,light rain
221,Inirida,3.8653,-67.9239,71.73,99,49,scattered clouds
222,Evensk,61.95,159.2333,53.94,96,100,light rain
223,Plettenberg Bay,-34.0527,23.3716,55.78,85,100,overcast clouds
224,Porto Novo,6.4965,2.6036,73.78,88,100,overcast clouds
225,Mbanza-Ngungu,-5.25,14.8667,65.26,80,6,clear sky
226,Vanavara,60.34,102.2797,68.49,62,89,light rain
227,Maur,30.0833,75.25,84.33,74,99,overcast clouds
228,Beringovskiy,63.05,179.3167,62.33,69,56,broken clouds
229,Fort Nelson,58.8053,-122.7002,64.62,61,84,broken clouds
230,Saint-Philippe,-21.3585,55.7679,73.22,85,80,light rain
231,Coihaique,-45.5752,-72.0662,41.61,81,0,clear sky
232,Longyearbyen,78.2186,15.6401,48.04,76,75,broken clouds
233,San Pedro,14.35,121.0167,88.36,65,100,light rain
234,Te Anau,-45.4167,167.7167,35.29,91,19,few clouds
235,Mani,4.8172,-72.2886,71.82,91,88,overcast clouds
236,Hamilton,39.1834,-84.5333,70.09,93,0,mist
237,Ancud,-41.8697,-73.8203,50.23,94,100,light rain
238,Lagoa,39.05,-27.9833,70.47,74,6,clear sky
239,Amapa,1.0,-52.0,69.94,99,50,scattered clouds
240,Grand Gaube,-20.0064,57.6608,73.38,56,71,broken clouds
241,Santos Dumont,-21.4567,-43.5525,51.12,63,94,overcast clouds
242,Yar-Sale,66.8333,70.8333,61.12,47,65,broken clouds
243,Lockport,41.5895,-88.0578,73.45,91,0,clear sky
244,Mahajanga,-15.7167,46.3167,74.68,47,1,clear sky
245,Salinas,36.6777,-121.6555,66.29,75,0,clear sky
246,North Platte,41.1239,-100.7654,79.12,50,0,clear sky
247,Arezzo,43.4724,11.869,74.34,76,61,broken clouds
248,Tabas,33.5959,56.9244,92.39,17,0,clear sky
249,Ariquemes,-9.9133,-63.0408,66.56,67,13,few clouds
250,Necochea,-38.5473,-58.7368,43.12,75,0,clear sky
251,Tiznit,29.5833,-9.5,68.4,56,0,clear sky
252,Asbury Park,40.2204,-74.0121,77.22,89,0,clear sky
253,Bethanien,-26.502,17.1583,55.45,19,0,clear sky
254,Chulman,56.8479,124.9104,52.86,96,100,light rain
255,Pimentel,-6.8367,-79.9342,61.45,86,90,overcast clouds
256,Kushmurun,52.4503,64.6311,77.72,51,0,clear sky
257,Nishihara,26.1842,127.7558,87.08,74,75,broken clouds
258,Antofagasta,-23.65,-70.4,56.48,87,12,few clouds
259,Brae,60.3964,-1.353,53.94,94,100,light rain
260,Singapore,1.2897,103.8501,91.35,56,75,broken clouds
261,Xucheng,20.35,110.1288,80.8,84,100,overcast clouds
262,Belmonte,-15.8631,-38.8828,70.7,86,27,scattered clouds
263,Taltal,-25.4,-70.4833,55.89,79,58,broken clouds
264,Krasnotorka,48.682,37.5327,86.36,31,83,broken clouds
265,Tura,25.5198,90.2201,86.76,61,9,clear sky
266,Ordynskoye,54.3656,81.8994,79.66,41,93,overcast clouds
267,Jeremie,18.65,-74.1167,79.52,82,2,clear sky
268,Tshela,-4.9833,12.9333,68.34,86,87,overcast clouds
269,Tiksi,71.6872,128.8694,51.3,69,100,overcast clouds
270,Quelimane,-17.8786,36.8883,72.7,73,1,clear sky
271,Kanye,-24.9667,25.3327,54.79,38,0,clear sky
272,Dourados,-22.2211,-54.8056,45.82,96,4,clear sky
273,Wah,33.798,72.6957,96.3,47,12,few clouds
274,Ayan,56.45,138.1667,55.85,94,100,overcast clouds
275,Dingzhou,38.5131,114.9956,88.0,64,50,scattered clouds
276,Faanui,-16.4833,-151.75,77.92,72,10,light rain
277,Kavaratti,10.5669,72.642,81.32,84,81,broken clouds
278,Borogontsy,62.6683,131.1683,74.3,48,93,overcast clouds
279,Klyuchi,52.2667,79.1667,74.86,56,95,overcast clouds
280,Bintulu,3.1667,113.0333,87.49,65,55,broken clouds
281,Anadyr,64.75,177.4833,70.3,56,0,clear sky
282,Atbasar,51.8,68.3333,76.33,49,34,scattered clouds
283,Omboue,-1.5746,9.2618,72.99,85,87,overcast clouds
284,Broome,42.2506,-75.833,64.78,83,0,clear sky
285,Rocha,-34.4833,-54.3333,43.86,91,91,overcast clouds
286,College,64.8569,-147.8028,61.07,62,20,few clouds
287,Vallenar,-28.5708,-70.7581,61.12,36,89,overcast clouds
288,Barra Patuca,15.8,-84.2833,79.32,87,63,broken clouds
289,Mnogovershinnyy,53.9353,139.9242,58.71,87,96,light rain
290,Charters Towers,-20.1,146.2667,75.58,41,0,clear sky
291,Nambour,-26.6333,152.95,67.1,68,85,overcast clouds
292,Mantua,45.1667,10.7833,77.99,70,36,scattered clouds
293,Vangaindrano,-23.35,47.6,69.78,69,44,scattered clouds
294,Linares,-35.85,-71.6,42.21,81,0,clear sky
295,Isangel,-19.55,169.2667,70.83,59,1,clear sky
296,Haines Junction,60.7522,-137.5108,47.08,94,99,overcast clouds
297,Kotturu,14.8167,76.2167,79.2,71,100,overcast clouds
298,Almoradi,38.1088,-0.792,79.81,67,0,clear sky
299,Ixtapa,20.7,-105.2,79.83,78,100,overcast clouds
300,Pervomaysk,48.0443,30.8507,70.02,71,83,broken clouds
301,Bilibino,68.0546,166.4372,72.9,51,53,light rain
302,Burnie,-41.0667,145.9167,51.94,90,100,light rain
303,Vila Franca Do Campo,37.7167,-25.4333,70.2,73,92,overcast clouds
304,Dakar,14.6937,-17.4441,79.68,74,96,overcast clouds
305,Cockburn Town,21.4612,-71.1419,81.45,74,65,broken clouds
306,Umm Kaddadah,13.6017,26.6876,80.01,67,89,overcast clouds
307,Deputatskiy,69.3,139.9,66.29,48,100,overcast clouds
308,Sergeyevka,53.88,67.4158,77.43,54,17,few clouds
309,Bunia,1.5667,30.25,65.07,91,100,light rain
310,Avera,33.194,-82.5271,71.65,77,99,overcast clouds
311,Nanortalik,60.1432,-45.2371,44.44,98,100,light rain
312,Kondinskoye,59.6481,67.41,74.1,42,35,scattered clouds
313,Mayahi,13.9553,7.6712,82.36,61,100,overcast clouds
314,Yulara,-25.2406,130.9889,64.18,21,67,broken clouds
315,Olinda,-8.0089,-34.8553,73.13,83,75,broken clouds
316,Vega De Alatorre,20.0333,-96.6333,77.83,82,74,broken clouds
317,Tabou,4.423,-7.3528,74.44,85,81,broken clouds
318,Calabozo,8.9242,-67.4293,70.75,97,68,broken clouds
319,Sal Rei,16.1833,-22.9167,77.04,80,68,broken clouds
320,Mehamn,71.0357,27.8492,53.55,87,100,moderate rain
321,Manado,1.487,124.8455,83.17,74,75,thunderstorm
322,Shimoda,34.6667,138.95,83.1,85,48,scattered clouds
323,Krasnogorskiy,54.6025,61.231,78.75,51,0,clear sky
324,Bhadra,29.1167,75.1667,95.27,45,45,scattered clouds
325,Katobu,-4.9408,122.5276,76.75,93,99,overcast clouds
326,Douglas,41.3,-96.167,75.31,78,0,clear sky
327,Maraba,-5.3686,-49.1178,77.18,94,20,few clouds
328,Alpena,45.0617,-83.4327,60.12,81,0,clear sky
329,Hailey,43.5196,-114.3153,63.81,63,99,overcast clouds
330,Lima,-12.0432,-77.0282,58.89,87,100,overcast clouds
331,Soyo,-6.1349,12.3689,69.89,87,87,overcast clouds
332,Cururupu,-1.8283,-44.8683,73.0,94,41,scattered clouds
333,Azangaro,-14.9167,-70.2167,39.6,77,6,clear sky
334,Davila,18.4726,120.5763,83.89,74,98,overcast clouds
335,Cayenne,4.9333,-52.3333,78.1,1,35,scattered clouds
336,Bentiu,9.2333,29.8333,72.46,97,100,light rain
337,Batagay-Alyta,67.8006,130.4114,73.29,41,84,broken clouds
338,Baindur,13.8667,74.6333,80.64,83,98,overcast clouds
339,Mount Gambier,-37.8333,140.7667,56.39,61,79,broken clouds
340,Sarwar,26.0667,75.0,88.2,62,84,broken clouds
341,Floro,61.5996,5.0328,59.23,100,75,light rain
342,Marrakesh,31.6315,-8.0083,68.07,73,0,clear sky
343,Kunming,25.0389,102.7183,75.97,63,73,broken clouds
344,Neijiang,29.5835,105.0622,96.44,46,54,broken clouds
345,Tuatapere,-46.1333,167.6833,39.36,81,18,few clouds
346,Catamarca,-28.4696,-65.7852,51.78,55,9,clear sky
347,Vanimo,-2.6741,141.3028,84.02,69,53,broken clouds
348,Thinadhoo,0.5333,72.9333,82.31,76,4,clear sky
349,Krapivinskiy,54.9992,86.8133,83.5,38,6,clear sky
350,Batemans Bay,-35.7167,150.1833,61.32,58,100,light rain
351,Tuy Hoa,13.0833,109.3,90.46,56,88,overcast clouds
352,Xining,36.6167,101.7667,81.81,56,62,broken clouds
353,Villiers,-27.0303,28.6006,52.07,30,0,clear sky
354,Panlaitan,12.1191,119.8486,84.04,73,97,overcast clouds
355,Pisco,-13.7,-76.2167,60.85,82,100,overcast clouds
356,Jalu,29.0331,21.5482,81.0,34,0,clear sky
357,Khasan,42.4308,130.6434,73.8,79,85,overcast clouds
358,Cherskiy,68.75,161.3,68.95,53,43,scattered clouds
359,Ossora,59.2353,163.0719,58.3,81,82,broken clouds
360,Hounde,11.5,-3.5167,71.76,94,100,overcast clouds
361,Nouadhibou,20.931,-17.0347,73.08,77,63,broken clouds
362,Juneau,58.3019,-134.4197,57.11,94,100,overcast clouds
363,Monroe,43.1501,-77.6831,66.96,87,20,few clouds
364,Daru,-9.0763,143.2092,79.29,79,76,broken clouds
365,Clyde River,70.4692,-68.5914,34.03,100,100,overcast clouds
366,Lompoc,34.6391,-120.4579,62.78,93,100,fog
367,Ilo,-17.6394,-71.3375,57.56,84,41,scattered clouds
368,Perth,-31.9333,115.8333,67.08,54,20,few clouds
369,Kitami,43.8031,143.8908,83.17,55,31,scattered clouds
370,Anloga,5.7947,0.8973,73.04,90,100,overcast clouds
371,Corn Island,12.1694,-83.0418,81.05,84,100,overcast clouds
372,Darovskoy,58.77,47.9564,65.52,63,58,broken clouds
373,Normandin,48.8333,-72.5321,62.91,95,81,broken clouds
374,Yining,29.0361,114.5636,101.28,33,76,broken clouds
375,Salalah,17.0151,54.0924,75.29,100,100,light intensity drizzle
376,Antsohihy,-14.8796,47.9875,78.13,40,5,clear sky
377,Svetlogorsk,52.6333,29.7333,64.9,68,79,broken clouds
378,Moree,-29.4667,149.85,63.9,55,100,light rain
379,Denpasar,-8.65,115.2167,83.86,79,20,few clouds
380,Gunjur,13.2019,-16.7339,78.87,94,40,light rain
381,Kamenka,51.3223,42.7678,83.01,37,73,broken clouds
382,Bella Vista,36.4295,-94.2316,73.69,81,0,clear sky
383,Souillac,-20.5167,57.5167,70.3,62,88,overcast clouds
384,Rio Gallegos,-51.6226,-69.2181,35.65,93,0,clear sky
385,Egvekinot,66.3167,-179.1667,54.09,78,35,scattered clouds
386,Kununurra,-15.7667,128.7333,87.78,22,1,clear sky
387,Broken Hill,-31.95,141.4333,61.61,31,91,overcast clouds
388,Moville,42.4889,-96.0725,73.69,60,3,clear sky
389,Airai,-8.9266,125.4092,67.59,74,70,broken clouds
390,Gusino,54.7244,31.368,64.53,65,61,broken clouds
391,Mecca,21.4267,39.8261,91.81,55,72,broken clouds
392,Homer,59.6425,-151.5483,57.78,88,100,overcast clouds
393,Yarmolyntsi,49.1924,26.8373,60.85,75,90,overcast clouds
394,Samarai,-10.6167,150.6667,78.71,78,88,overcast clouds
395,Isiro,2.7739,27.616,70.07,95,100,overcast clouds
396,Coahuayana,18.7333,-103.6833,78.39,85,100,overcast clouds
397,Inuvik,68.3499,-133.7218,52.56,82,75,broken clouds
398,Port Blair,11.6667,92.75,84.06,73,100,overcast clouds
399,Petropavlovsk-Kamchatskiy,53.0452,158.6483,64.99,68,20,few clouds
400,Tual,-5.6667,132.75,79.88,82,67,broken clouds
401,Sabla,12.7525,4.7077,77.81,80,66,broken clouds
402,Bellavista,-7.0561,-76.5911,68.02,100,91,overcast clouds
403,Khani,41.9563,42.9566,71.17,45,0,clear sky
404,Cambuci,-21.5753,-41.9111,63.84,41,79,broken clouds
405,Huambo,-12.7761,15.7392,53.28,29,72,broken clouds
406,Krasnyy Kholm,58.0607,37.1203,64.69,55,8,clear sky
407,Tessalit,20.1986,1.0114,88.09,38,79,broken clouds
408,Wainwright,52.839,-110.8572,67.08,57,100,overcast clouds
409,Priiskovyy,51.9333,116.6333,72.93,48,55,broken clouds
410,Ocos,14.5094,-92.1933,77.18,75,100,overcast clouds
411,Krasnoselkup,65.7,82.4667,58.69,46,78,broken clouds
412,Ankara,39.9199,32.8543,71.2,50,76,broken clouds
413,Cabras,39.93,8.5314,76.33,60,3,clear sky
414,Tambopata,-12.7333,-69.1833,59.43,81,3,clear sky
415,Leningradskiy,69.3833,178.4167,48.81,78,62,broken clouds
416,Houma,29.5958,-90.7195,77.0,93,100,overcast clouds
417,Pinega,64.7001,43.3936,65.71,52,79,broken clouds
418,Leo,11.1,-2.1,71.42,92,87,overcast clouds
419,Beloha,-25.1667,45.05,71.73,43,1,clear sky
420,Lubango,-14.9172,13.4925,57.61,25,0,clear sky
421,Lamont,35.2597,-118.9143,84.83,31,60,broken clouds
422,Skara,58.3866,13.4384,65.43,82,4,clear sky
423,Meulaboh,4.1363,96.1285,83.95,66,100,light rain
424,Tsiroanomandidy,-18.7667,46.0333,65.55,39,0,clear sky
425,Westport,41.1415,-73.3579,76.06,92,75,broken clouds
426,Swellendam,-34.0226,20.4417,52.03,92,100,overcast clouds
427,Lavrentiya,65.5833,-171.0,46.85,89,63,broken clouds
428,Zelenoborskiy,66.845,32.3622,60.75,75,100,light rain
429,Flinders,-34.5833,150.8552,63.18,70,100,moderate rain
430,Vydrino,51.485,104.8461,65.53,58,15,few clouds
431,Marzuq,14.4,46.4667,80.01,59,55,broken clouds
432,Jimo,36.3897,120.4622,79.25,87,100,overcast clouds
433,Wanning,18.8003,110.3967,86.99,67,100,overcast clouds
434,Siderno,38.2779,16.302,79.39,54,7,clear sky
435,Turtas,58.9417,69.1325,73.58,40,73,broken clouds
436,Aykhal,66.0,111.5,50.16,96,100,light rain
437,Faya,18.3851,42.4509,70.32,59,86,overcast clouds
438,Skibbereen,51.55,-9.2667,58.93,81,0,clear sky
439,Glendive,47.1053,-104.7125,74.82,48,0,clear sky
440,Porto Velho,-8.7619,-63.9039,69.85,78,0,clear sky
441,Naze,28.3667,129.4833,88.72,73,100,overcast clouds
442,Hovd,48.0056,91.6419,75.79,34,67,broken clouds
443,Kontagora,10.3999,5.4695,70.97,97,99,overcast clouds
444,Stafford,52.8052,-2.1164,67.26,76,2,clear sky
445,Mahebourg,-20.4081,57.7,72.25,53,75,broken clouds
446,Hokitika,-42.7167,170.9667,46.38,62,2,clear sky
447,Bandar-E Lengeh,26.5579,54.8807,102.31,37,81,broken clouds
448,Hearst,49.6835,-83.6665,47.53,89,14,few clouds
449,Myitkyina,25.3833,97.4,94.06,51,52,broken clouds
450,Zheleznodorozhnyy,55.7503,38.0042,67.55,54,0,clear sky
451,Kaputa,-8.4689,29.6619,70.05,42,3,clear sky
452,Stephenville,32.2207,-98.2023,75.2,82,0,clear sky
453,Alice Springs,-23.7,133.8833,58.55,67,100,overcast clouds
454,Wonthaggi,-38.6044,145.5913,54.82,84,100,light rain
455,Tamandare,-8.7597,-35.1047,71.53,88,7,clear sky
456,Belaya Gora,68.5333,146.4167,71.29,52,80,broken clouds
457,Puri,19.8,85.85,81.12,80,100,heavy intensity rain
458,Leh,34.1667,77.5833,72.84,37,87,overcast clouds
459,Prainha,-1.8,-53.48,73.6,69,100,overcast clouds
460,Vao,-22.6667,167.4833,68.49,58,0,clear sky
461,Athabasca,54.7169,-113.2854,61.14,87,0,clear sky
462,Karratha,-20.7377,116.8463,77.59,18,0,clear sky
463,Sao Felix Do Xingu,-6.6447,-51.995,70.93,52,29,scattered clouds
464,Ivanava,52.1451,25.5365,59.99,84,67,broken clouds
465,Buala,-8.145,159.5921,83.14,75,75,light rain
466,Bikramganj,25.2,84.25,90.09,56,62,broken clouds
467,Bondo,3.8146,23.6866,73.31,88,99,overcast clouds
468,Urozhaynoye,44.7883,44.9228,89.73,30,0,clear sky
469,Novo Aripuana,-5.1206,-60.3797,70.36,88,32,scattered clouds
470,Bosaso,11.2842,49.1816,94.14,38,64,broken clouds
471,Wajima,37.4,136.9,90.28,66,75,broken clouds
472,Laguna,38.421,-121.4238,73.76,65,0,clear sky
473,Terrace,54.5163,-128.6035,73.31,53,0,clear sky
474,Port Macquarie,-31.4333,152.9167,60.89,62,89,moderate rain
475,Burns Lake,54.2331,-125.7533,62.85,51,0,clear sky
476,Raudeberg,61.9875,5.1352,56.07,92,100,light rain
477,Vitim,59.4511,112.5578,60.89,80,100,overcast clouds
478,Chicama,-7.8447,-79.1469,59.54,84,74,broken clouds
479,Portland,45.5234,-122.6762,67.93,80,0,clear sky
480,Salamiyah,35.0113,37.0532,79.66,55,3,clear sky
481,Dalby,-27.1833,151.2667,65.98,52,95,overcast clouds
482,Saint-Francois,46.4154,3.9054,65.68,67,0,clear sky
483,Hami,42.8,93.45,102.99,12,78,broken clouds
484,Tocopilla,-22.092,-70.1979,58.33,71,22,few clouds
485,Babushkin,51.7122,105.8647,69.12,52,5,clear sky
486,Ponta Delgada,37.7333,-25.6667,70.5,77,20,few clouds
487,Capao Da Canoa,-29.7456,-50.0097,56.17,79,100,overcast clouds
488,Fairbanks,64.8378,-147.7164,61.09,62,20,few clouds
489,Curaca,-8.9903,-39.9094,70.3,64,4,clear sky
490,Kampene,-3.6,26.6667,76.05,41,86,overcast clouds
491,Zapadnaya Dvina,56.259,32.0745,65.08,54,1,clear sky
492,Oktyabrskoye,43.0645,44.7417,73.54,60,0,clear sky
493,Koronowo,53.3137,17.937,67.3,75,70,broken clouds
494,Kalachinsk,55.0529,74.5751,78.76,53,64,broken clouds
495,Wasilla,61.5814,-149.4394,63.55,70,0,clear sky
496,Muros,42.7762,-9.0603,63.16,94,33,scattered clouds
497,Marfino,55.7028,37.3822,70.05,53,0,clear sky
498,La Romana,18.4273,-68.9728,77.67,84,98,overcast clouds
499,Svarstad,59.399,9.9698,66.99,40,29,scattered clouds
500,Talcahuano,-36.7167,-73.1167,40.68,93,75,broken clouds
501,Am Timan,11.0297,20.2827,71.15,95,100,overcast clouds
502,Puerto Madryn,-42.7692,-65.0385,47.98,58,17,few clouds
503,Erenhot,43.6475,111.9767,87.64,26,24,few clouds
504,Presidencia Roque Saenz Pena,-26.7852,-60.4388,47.84,88,99,overcast clouds
505,Carballo,43.213,-8.691,63.82,95,23,few clouds
506,Gebze,40.8028,29.4307,76.06,78,75,broken clouds
507,Naron,43.5167,-8.1528,70.59,92,22,few clouds
508,Cap Malheureux,-19.9842,57.6142,72.46,58,70,broken clouds
509,Srednekolymsk,67.45,153.6833,79.39,42,100,overcast clouds
510,Vigrestad,58.5667,5.7,64.58,84,33,scattered clouds
511,San Luis,-33.295,-66.3356,47.23,51,0,clear sky
512,Lagos,6.5833,3.75,74.28,89,99,overcast clouds
513,Gonaives,19.45,-72.6833,76.57,84,1,clear sky
514,Shache,38.4167,77.2406,88.61,32,81,broken clouds
515,Dinguiraye,11.3,-10.7167,70.03,96,63,broken clouds
516,Tobermory,45.2501,-81.6665,62.96,75,10,clear sky
517,Sola,-13.8833,167.55,77.67,83,100,overcast clouds
518,Lodja,-3.4833,23.4333,79.63,32,87,overcast clouds
519,Beaverlodge,55.2166,-119.4361,60.15,52,0,clear sky
520,Kattivakkam,13.2167,80.3167,95.09,58,77,broken clouds
521,Hofn,64.2539,-15.2082,50.25,83,94,overcast clouds
522,Landeck,47.1301,10.5636,61.99,77,20,few clouds
523,Alipur,29.3846,70.9116,102.6,36,84,broken clouds
524,Ndele,8.4109,20.6473,70.2,99,100,overcast clouds
525,Correderos,15.4167,-88.45,69.91,99,100,overcast clouds
526,Labuhan,-6.8844,112.2051,88.47,58,36,scattered clouds
527,Inta,66.0317,60.1659,59.94,64,100,overcast clouds
528,San Cristobal,7.7669,-72.225,63.99,91,100,overcast clouds
529,Khorol,49.7837,33.2783,70.83,68,99,overcast clouds
530,Kargasok,59.0556,80.8572,67.21,53,93,overcast clouds
531,Turan,16.0678,108.2208,85.98,70,75,broken clouds
532,Komsomolskiy,40.4272,71.7189,86.72,20,5,clear sky
533,Pak Phanang,8.3511,100.202,97.03,54,100,overcast clouds
534,Renukut,24.2,83.0333,82.35,75,90,overcast clouds
535,Acajutla,13.5928,-89.8275,77.16,84,100,overcast clouds
536,Nsanje,-16.92,35.262,72.23,68,0,clear sky
537,Jimeta,9.2833,12.4667,73.36,93,100,light rain
538,Miri,4.4148,114.0089,91.54,70,40,scattered clouds
539,Ratnapura,6.6828,80.3992,87.73,58,100,overcast clouds
540,Carutapera,-1.195,-46.02,74.82,92,76,broken clouds
541,Karasjok,69.4719,25.5112,55.98,78,90,overcast clouds
542,Baykit,61.67,96.37,67.12,35,32,scattered clouds
543,Morant Bay,17.8815,-76.4093,82.02,84,8,clear sky
544,Porbandar,21.6422,69.6093,83.68,82,100,overcast clouds
545,Kruisfontein,-34.0033,24.7314,55.22,84,98,overcast clouds
546,Caapucu,-26.2167,-57.2,49.03,90,59,broken clouds
547,Codrington,-38.2667,141.9667,57.69,63,61,broken clouds
548,Punta De Bombon,-17.1717,-71.7931,58.15,85,73,broken clouds
549,Crotone,39.0851,17.1178,78.19,61,8,clear sky
550,Great Bend,38.3645,-98.7648,77.04,51,0,clear sky
551,Bichura,50.5881,107.6022,76.01,36,11,few clouds
552,Larsnes,62.2028,5.5773,59.45,94,100,overcast clouds
553,Roma,43.2128,-75.4557,63.66,92,75,broken clouds
554,Fort Smith,35.3859,-94.3986,78.84,78,75,broken clouds
555,Maple Creek,49.9168,-109.4848,78.15,34,100,overcast clouds
556,Comodoro Rivadavia,-45.8667,-67.5,51.66,50,0,clear sky
557,Buin,-33.7333,-70.75,54.73,70,53,broken clouds
558,Mezen,65.8522,44.24,65.53,55,82,broken clouds
559,Viedma,-40.8135,-62.9967,50.29,61,100,overcast clouds
560,Iralaya,15.0,-83.2333,79.75,88,69,broken clouds
561,Orlik,52.5178,99.825,67.1,42,34,scattered clouds
562,Ormara,25.2088,64.6357,87.42,72,100,overcast clouds
563,Tigil,57.8,158.6667,63.79,73,97,overcast clouds
564,Namuac,18.6109,121.1657,83.64,81,100,light rain
565,Benito Juarez,19.385,-99.165,63.84,65,40,scattered clouds
566,Calvinia,-31.4707,19.776,49.53,66,100,overcast clouds
567,Northam,51.0333,-4.2167,61.39,60,0,clear sky
568,Shitanjing,39.2342,106.3439,83.59,53,18,few clouds
569,Sakaiminato,35.55,133.2333,89.53,74,75,broken clouds
570,Waipawa,-41.4122,175.5153,40.51,83,78,broken clouds
571,Zhigansk,66.7697,123.3711,66.58,60,87,overcast clouds
572,Pokosnoye,55.5258,101.0536,62.35,74,99,light rain
